betas,objective_values,exp_profits,CVaR_values
0.1,138172.97773360196,151705.65829751402,16378.852658392585
0.2,124640.29716968954,151705.65829751402,16378.852658392583
0.5,84110.34625829244,151435.33614229262,16785.35637429046
0.7,57218.6214018778,151170.80094988697,16953.401595588024
0.9,30375.14153101792,151170.80094988694,16953.401595588002
0.95,23664.27156330298,151170.80094988694,16953.401595588024
0.99,18295.575589131007,151170.80094988694,16953.401595588024
0.999,17087.61899494233,151170.80094988697,16953.401595588024
