betas,objective_values,exp_profits,CVaR_values
0.5,154391.55537235324,151705.65829751402,2685.897074837732
0.75,155734.50390977206,151705.65829751402,4028.8456122565976
0.9,156540.27303222337,151705.65829751402,4834.614734707917
0.95,156808.86273970714,151705.65829751402,5103.20444219169
0.99,157023.7345056942,151705.65829751402,5318.076208178709
0.999,157072.08065304125,151705.65829751402,5366.422355525789
0.9999,157076.91526777597,151705.65829751402,5371.256970260496
0.99999,157077.39872924946,151705.65829751402,5371.740431733967
