betas,objective_values,exp_profits,CVaR_values
0.1,152242.83771248304,151705.65829751402,5371.794149675464
1.0,157077.4524471909,151705.65829751402,5371.794149675463
100.0,701721.663862,151406.50087846955,5503.151629835291
1000.0,5.654558130713761e6,151406.50087846955,5503.151629835291
10000.0,5.518292279923137e7,151406.50087846955,5503.151629835291
1.0e6,5.503303036336169e9,151406.50087846955,5503.151629835291
1.0e7,5.503166770485378e10,151406.50087846955,5503.151629835291
1.0e37,5.50315162983529e40,151366.34043750048,5503.151629835291
