hour,total_supply,supply_n°1,supply_n°2,supply_n°3,supply_n°4,supply_n°5,supply_n°6,supply_n°7,supply_n°8,supply_n°9,supply_n°10,supply_n°11,supply_n°12,supply_n°13,supply_n°14,supply_n°15,supply_n°16
1,2207.0,106.4,106.4,170.26883909204398,0.0,0.0,108.5,108.5,280.0,280.0,210.0,217.0,245.0,66.8276530643428,90.99891628229621,109.16742997448941,107.9371615868276
