In sample scenarios,Seed,In sample profit,Out of sample profit,Relative profit
100,1,112071.28482149242,131958.74446837892,-0.1507096761719502
100,2,126723.49285273923,130478.63649734083,-0.0287797584754661
500,1,128527.43509980231,130662.5855330624,-0.01634094736874636
500,2,136386.9369966145,127554.90346579831,0.06924103496487177
