hour,objective_value,x_con1,x_con2,x_con3,x_con4,x_con5,x_con6,x_con7,x_con8,x_con9,x_con10,x_con11,x_con12,x_wind1,x_wind2,x_wind3,x_wind4,y1,y2,y3,y4,y5,y6,y7,y8,y9,y10,y11,y12,y13,y14,y15,y16,y17
15,28948.824624534212,106.39999999999996,106.4,0.0,0.0,0.0,108.5,108.49999999999994,280.0,280.0,209.99999999999994,217.0,245.0,144.04566449741182,119.05168571403752,136.3106919442788,142.28234210331206,93.66867,0.0,229.24174499999998,167.61762000000002,273.61111500000004,86.27377499999999,288.400905,157.75776000000002,110.923425,155.29279499999998,64.08909000000001,61.624124999999964,118.31832000000003,108.45846,137.84971425903998,150.362865,0.0
