hour,objective_value,x_con1,x_con2,x_con3,x_con4,x_con5,x_con6,x_con7,x_con8,x_con9,x_con10,x_con11,x_con12,x_wind1,x_wind2,x_wind3,x_wind4,y1,y2,y3,y4,y5,y6,y7,y8,y9,y10,y11,y12,y13,y14,y15,y16,y17
23,23489.493537813447,0.0,0.0,0.0,0.0,0.0,108.5,108.5,280.0,280.0000000000001,210.0,217.0,100.41148972484979,124.87879382497817,122.93300679003619,163.2727389016436,151.64869575849224,73.52486999999999,65.78541,179.94244500000002,131.57082000000003,214.770015,0.0,226.37920500000007,123.83136000000003,87.06892500000004,121.89649499999996,50.30649,48.371625,92.87352000000004,85.13406,116.0919,118.02676499999995,131.57082000000003
