hour,objective_value,x_con1,x_con2,x_con3,x_con4,x_con5,x_con6,x_con7,x_con8,x_con9,x_con10,x_con11,x_con12,x_wind1,x_wind2,x_wind3,x_wind4,y1,y2,y3,y4,y5,y6,y7,y8,y9,y10,y11,y12,y13,y14,y15,y16,y17
5,23069.512905199626,0.0,0.0,0.0,0.0,0.0,108.5,108.5,280.0,280.0,210.0,2.82096044667108,0.0,102.219566645317,145.50747368477218,160.94373598175778,165.303263241482,59.42421,53.16903000000001,145.432935,106.33806,173.58124500000002,54.732825000000005,182.964015,100.08288,70.370775,98.519085,40.65867000000001,39.094875,75.06216,68.80698000000001,93.8277,95.391495,106.33806
