hour,objective_value,x_con1,x_con2,x_con3,x_con4,x_con5,x_con6,x_con7,x_con8,x_con9,x_con10,x_con11,x_con12,x_wind1,x_wind2,x_wind3,x_wind4,y1,y2,y3,y4,y5,y6,y7,y8,y9,y10,y11,y12,y13,y14,y15,y16,y17
14,21430.106170748313,0.0,0.0,0.0,0.0,0.0,155.0,155.0,400.0,399.99999999999983,300.0,309.99999999999994,147.46618308617428,147.45012658818177,99.62394454120852,137.48077736894766,145.0911684154877,95.68304999999987,85.61115000000001,234.171675,171.2222999999999,279.49522499999995,88.129125,294.603075,161.1504,113.30887500000006,158.6324249999999,65.46735000000001,62.949375,0.0,110.7909,151.07850000000002,153.596475,171.22230000000002
