hour,objective_value,x_con1,x_con2,x_con3,x_con4,x_con5,x_con6,x_con7,x_con8,x_con9,x_con10,x_con11,x_con12,x_wind1,x_wind2,x_wind3,x_wind4,y1,y2,y3,y4,y5,y6,y7,y8,y9,y10,y11,y12,y13,y14,y15,y16,y17
15,27752.053776766414,106.4,106.4,0.0,0.0,0.0,108.5,108.5,280.0,280.0,210.0,217.0,245.0,144.04566449741182,119.05168571403759,136.3106919442788,142.282342103312,93.66867,83.80881000000001,229.24174500000004,167.61762000000002,273.61111500000004,86.27377500000001,288.400905,0.0,110.923425,155.292795,64.08909000000001,61.62412500000001,118.31832,108.45846000000002,44.18104425903965,150.362865,167.61762000000002
