hour,objective_value,x_con1,x_con2,x_con3,x_con4,x_con5,x_con6,x_con7,x_con8,x_con9,x_con10,x_con11,x_con12,x_wind1,x_wind2,x_wind3,x_wind4,y1,y2,y3,y4,y5,y6,y7,y8,y9,y10,y11,y12,y13,y14,y15,y16,y17
18,35838.02903408377,21.925668900365196,0.0,0.0,0.0,0.0,155.0000000000001,154.99999999999997,399.99999999999994,399.9999999999999,299.99999999999994,310.00000000000006,350.0,131.2969658361058,145.215517824598,134.65569414915558,147.4061532897756,100.719,90.11700000000002,246.49650000000005,180.23400000000015,294.2054999999999,92.7675,310.1085,169.63200000000006,119.27250000000004,166.98149999999987,68.91300000000001,66.26250000000005,127.22399999999999,116.622,159.03,161.68049999999994,180.234
