hour,objective_value,x_con1,x_con2,x_con3,x_con4,x_con5,x_con6,x_con7,x_con8,x_con9,x_con10,x_con11,x_con12,x_wind1,x_wind2,x_wind3,x_wind4,y1,y2,y3,y4,y5,y6,y7,y8,y9,y10,y11,y12,y13,y14,y15,y16,y17
15,27752.053776766425,106.39999999999995,106.40000000000005,0.0,0.0,0.0,108.5,108.49999999999994,280.00000000000006,280.0,210.0,217.00000000000006,245.00000000000006,144.04566449741185,119.0516857140376,136.3106919442788,142.28234210331198,93.66867,83.80881000000001,229.24174500000004,167.61762,273.61111500000004,86.27377500000001,288.4009050000001,0.0,110.92342500000001,155.292795,64.08908999999998,61.62412500000001,118.31832000000003,108.45846000000002,44.181044259040036,150.362865,167.61762000000004
