hour,objective_value,x_con1,x_con2,x_con3,x_con4,x_con5,x_con6,x_con7,x_con8,x_con9,x_con10,x_con11,x_con12,x_wind1,x_wind2,x_wind3,x_wind4,y1,y2,y3,y4,y5,y6,y7,y8,y9,y10,y11,y12,y13,y14,y15,y16,y17
1,6926.182841167436,0.0,0.0,0.0,0.0,0.0,0.0,0.0,0.0,280.0,0.0,0.0,0.0,76.8920864543624,101.5400530249722,92.8002935849968,95.37087756915959,85.60924158714214,0.0,0.0,106.60773480662984,46.84279256654947,10.187439212094645,67.84128578603716,0.0,0.0,0.0,0.0,121.14515318935209,0.0,0.0,0.0,0.0,208.3696634856856
