hour,objective_value,x_con1,x_con2,x_con3,x_con4,x_con5,x_con6,x_con7,x_con8,x_con9,x_con10,x_con11,x_con12,x_wind1,x_wind2,x_wind3,x_wind4,y1,y2,y3,y4,y5,y6,y7,y8,y9,y10,y11,y12,y13,y14,y15,y16,y17
15,27162.126498041434,106.40000000000006,106.40000000000006,0.0,0.0,0.0,108.5,108.50000000000006,280.00000000000006,279.9999999999999,210.00000000000003,217.00000000000006,245.00000000000003,144.04566449741176,119.05168571403757,136.3106919442788,142.2823421033119,93.66866999999982,83.80881000000001,229.24174499999998,0.0,273.6111150000001,86.27377500000001,288.4009050000001,157.75776000000002,110.92342499999998,155.29279500000004,64.08909000000001,61.62412500000001,118.31832000000003,108.45846000000003,147.89790000000002,150.36286500000003,73.76062425904016
