hour,objective_value,x_con1,x_con2,x_con3,x_con4,x_con5,x_con6,x_con7,x_con8,x_con9,x_con10,x_con11,x_con12,x_wind1,x_wind2,x_wind3,x_wind4,y1,y2,y3,y4,y5,y6,y7,y8,y9,y10,y11,y12,y13,y14,y15,y16,y17
15,32774.56890620581,0.0,0.0,0.0,0.0,0.0,108.5,108.5,280.0,280.0,210.0,217.0,245.0,144.04566449741182,119.05168571403759,136.3106919442788,142.282342103312,118.83073832245104,61.65745856353592,108.74133601205423,0.0,65.02059266700151,155.8252134605726,94.16775489703667,84.07835258663988,168.15670517327976,151.3410346559518,229.8141637368157,168.15670517327976,86.32044198895028,0.0,112.10447011551985,97.24588400790992,289.2295328980412
