hour,gen,lower_bound,upper_bound
18,x_conv1,-0.0,-0.0
18,x_conv2,-0.0,-0.0
18,x_conv3,7.379999999999999,-0.0
18,x_conv4,7.609999999999999,-0.0
18,x_conv5,12.79,-0.0
18,x_conv6,-0.0,-2.8000000000000007
18,x_conv7,-0.0,-2.8000000000000007
18,x_conv8,-0.0,-7.300000000000001
18,x_conv9,-0.0,-7.850000000000001
18,x_conv10,-0.0,-6.32
18,x_conv11,-0.0,-2.8000000000000007
18,x_conv12,-0.0,-2.4299999999999997
18,x_wind1,-0.0,-13.32
18,x_wind2,-0.0,-13.32
18,x_wind3,-0.0,-13.32
18,x_wind4,-0.0,-13.32
