x_con1,x_con2,x_con3,x_con4,x_con5,x_con6,x_con7,x_con8,x_con9,x_con10,x_con11,x_con12
106.39999999999995,106.40000000000005,0.0,0.0,0.0,108.5,108.49999999999994,280.00000000000006,280.0,210.0,217.00000000000006,245.00000000000006
427.5609002512633,427.5609002512638,0.0,0.0,0.0,739.7996022299071,739.7996022299067,3169.1602638191152,3323.160263819115,2171.070197864336,1479.5992044598142,1579.8652308417254
-0.0,-0.0,3.3615704863603035,3.591570486360304,8.771570486360304,-0.0,-0.0,-0.0,-0.0,-0.0,-0.0,-0.0
-4.0184295136396955,-4.0184295136396955,-0.0,-0.0,-0.0,-6.818429513639696,-6.818429513639696,-11.318429513639696,-11.868429513639697,-10.338429513639696,-6.818429513639696,-6.448429513639695
