x_con1,x_con2,x_con3,x_con4,x_con5,x_con6,x_con7,x_con8,x_con9,x_con10,x_con11,x_con12
106.40000000000006,106.40000000000006,0.0,0.0,0.0,108.5,108.50000000000006,280.00000000000006,279.9999999999999,210.00000000000003,217.00000000000006,245.00000000000003
159.36993878295607,159.36993878295607,0.0,0.0,0.0,466.31539810104096,466.3153981010412,2463.3945757446218,2617.39457574462,1641.7459318084664,932.6307962020819,962.3202537765433
-0.0,-0.0,5.8821622294834945,6.112162229483495,11.292162229483495,-0.0,-0.0,-0.0,-0.0,-0.0,-0.0,-0.0
-1.4978377705165045,-1.4978377705165045,-0.0,-0.0,-0.0,-4.297837770516505,-4.297837770516505,-8.797837770516505,-9.347837770516506,-7.817837770516505,-4.297837770516505,-3.927837770516504
