x_con1,x_con2,x_con3,x_con4,x_con5,x_con6,x_con7,x_con8,x_con9,x_con10,x_con11,x_con12
21.925668900365196,0.0,0.0,0.0,0.0,155.0000000000001,154.99999999999997,399.99999999999994,399.9999999999999,299.99999999999994,310.00000000000006,350.0
0.0,0.0,0.0,0.0,0.0,434.0000000000007,433.9999999999998,2919.9999999999995,3139.999999999999,1896.0,868.0000000000005,850.5
-0.0,-0.0,7.379999999999999,7.609999999999999,12.79,-0.0,-0.0,-0.0,-0.0,-0.0,-0.0,-0.0
-0.0,-0.0,-0.0,-0.0,-0.0,-2.8000000000000007,-2.8000000000000007,-7.300000000000001,-7.850000000000001,-6.32,-2.8000000000000007,-2.4299999999999997
