x_con1,x_con2,x_con3,x_con4,x_con5,x_con6,x_con7,x_con8,x_con9,x_con10,x_con11,x_con12
106.39999999999996,106.4,0.0,0.0,0.0,108.5,108.49999999999994,280.0,280.0,209.99999999999994,217.0,245.0
235.85585759165178,235.855857591652,0.0,0.0,0.0,544.31090741254,544.3109074125396,2664.6733094517153,2818.6733094517153,1792.7049820887864,1088.62181482508,1138.439145770251
-0.0,-0.0,5.163309609101015,5.393309609101015,10.573309609101015,-0.0,-0.0,-0.0,-0.0,-0.0,-0.0,-0.0
-2.216690390898984,-2.216690390898984,-0.0,-0.0,-0.0,-5.016690390898985,-5.016690390898985,-9.516690390898985,-10.066690390898986,-8.536690390898984,-5.016690390898985,-4.646690390898984
