x_con1,x_con2,x_con3,x_con4,x_con5,x_con6,x_con7,x_con8,x_con9,x_con10,x_con11,x_con12
0.0,0.0,0.0,0.0,0.0,155.0,155.0,400.0,399.99999999999983,300.0,309.99999999999994,147.46618308617428
0.0,0.0,0.0,0.0,0.0,57.350000000000136,57.350000000000136,1948.0,2167.999999999999,1167.0,114.70000000000027,0.0
2.4299999999999997,2.4299999999999997,9.809999999999999,10.04,15.219999999999999,-0.0,-0.0,-0.0,-0.0,-0.0,-0.0,-0.0
-0.0,-0.0,-0.0,-0.0,-0.0,-0.370000000000001,-0.370000000000001,-4.870000000000001,-5.420000000000002,-3.8900000000000006,-0.370000000000001,-0.0
